h_order_id,customer_id,hotel_id,room_num,checkin_date,price
R0050001,C0025805,H2,138,2024-05-17,3400
R0050002,C0023532,H3,030,2024-05-14,3800
R0050003,C0051939,H10,016,2024-05-18,2800
R0050004,C0025136,H4,117,2024-05-16,2800
R0050005,C0046879,H3,076,2024-05-14,3200
R0050006,C0030946,H9,131,2024-05-12,3400
R0050007,C0010121,H8,015,2024-05-18,3000
R0050008,C0048991,H2,199,2024-05-16,2600
R0050009,C0051811,H2,007,2024-05-13,1400
R0050010,C0041810,H8,077,2024-05-13,3600
R0050011,C0001394,H1,087,2024-05-16,2200
R0050012,C0018322,H7,124,2024-05-17,2600
R0050013,C0022955,H9,180,2024-05-16,4000
R0050014,C0026274,H9,032,2024-05-17,3200
R0050015,C0030014,H9,159,2024-05-13,3000
R0050016,C0029581,H8,185,2024-05-13,1600
R0050017,C0015841,H5,190,2024-05-14,4000
R0050018,C0050658,H4,044,2024-05-12,3200
R0050019,C0028186,H6,091,2024-05-16,2600
R0050020,C0017981,H9,029,2024-05-16,1000
R0050021,C0003136,H6,158,2024-05-17,2000
R0050022,C0043597,H3,010,2024-05-14,3800
R0050023,C0013692,H10,070,2024-05-15,2000
R0050024,C0044583,H10,059,2024-05-18,3800
R0050025,C0026190,H2,015,2024-05-16,1000
R0050026,C0044922,H5,106,2024-05-13,2000
R0050027,C0039971,H7,149,2024-05-16,3600
R0050028,C0018719,H8,164,2024-05-14,2600
R0050029,C0053010,H4,107,2024-05-14,3800
R0050030,C0052004,H1,183,2024-05-12,2800
R0050031,C0054334,H4,161,2024-05-17,4000
R0050032,C0054930,H7,107,2024-05-15,2200
R0050033,C0048514,H1,128,2024-05-15,1800
R0050034,C0043647,H2,036,2024-05-12,2800
R0050035,C0032278,H2,062,2024-05-18,2800
R0050036,C0028229,H3,100,2024-05-13,2600
R0050037,C0034975,H1,198,2024-05-18,2400
R0050038,C0015464,H6,088,2024-05-14,2800
R0050039,C0010008,H3,060,2024-05-18,3800
R0050040,C0040993,H10,035,2024-05-12,1800
R0050041,C0045515,H7,058,2024-05-15,3000
R0050042,C0017476,H1,068,2024-05-15,4000
R0050043,C0000925,H4,017,2024-05-15,4000
R0050044,C0027369,H6,115,2024-05-18,1200
R0050045,C0043760,H4,151,2024-05-14,2000
R0050046,C0043124,H6,186,2024-05-12,2800
R0050047,C0052313,H3,042,2024-05-14,2600
R0050048,C0032894,H7,160,2024-05-18,3000
R0050049,C0034442,H7,018,2024-05-13,3600
R0050050,C0053270,H7,091,2024-05-13,1400
R0050051,C0023542,H3,121,2024-05-13,4000
R0050052,C0007120,H9,065,2024-05-16,1800
R0050053,C0036934,H7,152,2024-05-18,1600
R0050054,C0006472,H4,068,2024-05-13,1800
R0050055,C0035360,H2,026,2024-05-15,1800
R0050056,C0015326,H10,111,2024-05-12,2600
R0050057,C0053578,H1,023,2024-05-13,3400
R0050058,C0014658,H9,113,2024-05-16,4000
R0050059,C0023599,H5,138,2024-05-12,1200
R0050060,C0010611,H9,073,2024-05-18,1600
R0050061,C0052171,H2,006,2024-05-15,3200
R0050062,C0009190,H5,084,2024-05-12,1600
R0050063,C0030038,H7,069,2024-05-18,2600
R0050064,C0052270,H9,188,2024-05-12,1200
R0050065,C0052414,H6,198,2024-05-17,2600
R0050066,C0002940,H1,036,2024-05-16,1800
R0050067,C0020128,H4,174,2024-05-16,2600
R0050068,C0022548,H10,189,2024-05-18,1200
R0050069,C0007072,H8,166,2024-05-16,1800
R0050070,C0040299,H7,065,2024-05-13,3200
R0050071,C0030359,H9,091,2024-05-18,1400
R0050072,C0003989,H9,122,2024-05-16,3400
R0050073,C0016335,H1,147,2024-05-18,2800
R0050074,C0042228,H3,172,2024-05-14,1600
R0050075,C0035085,H10,002,2024-05-15,2000
R0050076,C0035469,H5,022,2024-05-16,1400
R0050077,C0042516,H6,035,2024-05-17,1800
R0050078,C0024510,H1,157,2024-05-15,3800
R0050079,C0050800,H7,050,2024-05-15,1200
R0050080,C0028001,H1,116,2024-05-15,1000
R0050081,C0012939,H2,192,2024-05-13,1200
R0050082,C0024186,H3,098,2024-05-17,1200
R0050083,C0025004,H1,163,2024-05-18,1000
R0050084,C0012211,H7,119,2024-05-14,3000
R0050085,C0048113,H4,042,2024-05-16,2200
R0050086,C0034554,H10,059,2024-05-15,4000
R0050087,C0010423,H7,119,2024-05-17,1000
R0050088,C0015218,H4,145,2024-05-15,4000
R0050089,C0025324,H10,184,2024-05-13,3400
R0050090,C0012312,H6,149,2024-05-12,2000
R0050091,C0052220,H5,119,2024-05-14,2000
R0050092,C0016307,H4,164,2024-05-17,2000
R0050093,C0043609,H3,099,2024-05-15,3200
R0050094,C0019020,H6,153,2024-05-17,4000
R0050095,C0001544,H8,006,2024-05-16,4000
R0050096,C0031509,H5,143,2024-05-12,2400
R0050097,C0026533,H4,103,2024-05-17,2400
R0050098,C0053203,H4,055,2024-05-13,1600
R0050099,C0020556,H7,163,2024-05-17,3400
R0050100,C0019569,H5,186,2024-05-14,3400
R0050101,C0020646,H3,039,2024-05-15,3200
R0050102,C0033492,H8,028,2024-05-12,2600
R0050103,C0043151,H9,012,2024-05-14,1000
R0050104,C0036299,H7,038,2024-05-17,1600
R0050105,C0045519,H10,167,2024-05-17,1200
R0050106,C0008443,H6,119,2024-05-13,3000
R0050107,C0036785,H9,033,2024-05-18,1800
R0050108,C0044803,H5,179,2024-05-13,2800
R0050109,C0035339,H7,196,2024-05-14,3000
R0050110,C0029329,H2,151,2024-05-14,1400
R0050111,C0018702,H9,046,2024-05-17,3600
R0050112,C0021224,H8,151,2024-05-12,2000
R0050113,C0022329,H5,010,2024-05-18,3200
R0050114,C0042593,H5,020,2024-05-12,1600
R0050115,C0039889,H8,015,2024-05-14,1800
R0050116,C0006332,H9,031,2024-05-14,2000
R0050117,C0003514,H7,009,2024-05-17,1600
R0050118,C0045787,H3,154,2024-05-12,3000
R0050119,C0043578,H1,084,2024-05-18,3400
R0050120,C0043197,H5,094,2024-05-16,2200
R0050121,C0053435,H7,194,2024-05-13,1200
R0050122,C0039602,H10,185,2024-05-15,1400
R0050123,C0009064,H10,069,2024-05-12,1800
R0050124,C0043287,H9,165,2024-05-15,2400
R0050125,C0031863,H9,178,2024-05-12,3200
R0050126,C0035510,H7,047,2024-05-13,2400
R0050127,C0051130,H9,140,2024-05-15,1200
R0050128,C0020873,H2,105,2024-05-13,1200
R0050129,C0045184,H2,110,2024-05-13,1600
R0050130,C0018623,H4,121,2024-05-17,2800
R0050131,C0015849,H8,047,2024-05-18,1600
R0050132,C0018449,H1,146,2024-05-16,1200
R0050133,C0053085,H5,101,2024-05-15,1000
R0050134,C0008885,H4,074,2024-05-12,1800
R0050135,C0054675,H3,072,2024-05-13,2000
R0050136,C0006126,H10,106,2024-05-18,1000
R0050137,C0025428,H8,080,2024-05-14,2200
R0050138,C0033360,H4,041,2024-05-16,3000
R0050139,C0005127,H3,127,2024-05-13,3200
R0050140,C0032562,H2,105,2024-05-13,2200
R0050141,C0026740,H3,119,2024-05-17,2000
R0050142,C0007810,H7,042,2024-05-16,3600
R0050143,C0001650,H8,175,2024-05-12,1800
R0050144,C0010416,H5,167,2024-05-18,2800
R0050145,C0016912,H10,013,2024-05-18,1800
R0050146,C0033794,H5,099,2024-05-15,3400
R0050147,C0044485,H4,181,2024-05-17,1200
R0050148,C0024745,H7,114,2024-05-13,3600
R0050149,C0027834,H2,035,2024-05-12,1800
R0050150,C0005943,H5,191,2024-05-16,2400
R0050151,C0026603,H3,154,2024-05-12,1200
R0050152,C0013180,H10,025,2024-05-14,2000
R0050153,C0038584,H10,120,2024-05-18,4000
R0050154,C0031678,H10,025,2024-05-16,1200
R0050155,C0029930,H7,201,2024-05-17,3600
R0050156,C0012101,H6,012,2024-05-16,3600
R0050157,C0044357,H7,196,2024-05-16,3000
R0050158,C0035570,H3,024,2024-05-15,3400
R0050159,C0014724,H8,186,2024-05-12,1400
R0050160,C0019863,H7,090,2024-05-14,3600
R0050161,C0045067,H3,041,2024-05-15,1800
R0050162,C0010137,H6,009,2024-05-18,2200
R0050163,C0014550,H7,032,2024-05-16,3600
R0050164,C0025457,H3,132,2024-05-17,1800
R0050165,C0025422,H8,139,2024-05-13,2000
R0050166,C0022023,H9,006,2024-05-15,2800
R0050167,C0010800,H3,052,2024-05-16,1600
R0050168,C0021239,H6,016,2024-05-12,1200
R0050169,C0015715,H1,148,2024-05-17,2000
R0050170,C0022725,H10,133,2024-05-18,2000
R0050171,C0012987,H10,186,2024-05-14,1800
R0050172,C0049558,H2,016,2024-05-13,2200
R0050173,C0042941,H6,189,2024-05-14,2800
R0050174,C0022962,H5,197,2024-05-12,2200
R0050175,C0053046,H5,038,2024-05-14,1400
R0050176,C0014482,H9,076,2024-05-16,4000
R0050177,C0009517,H10,190,2024-05-15,2400
R0050178,C0034507,H9,111,2024-05-16,2200
R0050179,C0027139,H7,077,2024-05-12,4000
R0050180,C0044228,H1,039,2024-05-13,1400
R0050181,C0021715,H3,057,2024-05-18,2200
R0050182,C0003277,H10,119,2024-05-13,2800
R0050183,C0006918,H4,011,2024-05-15,3400
R0050184,C0018714,H9,122,2024-05-13,1200
R0050185,C0024548,H10,014,2024-05-16,1800
R0050186,C0040177,H3,070,2024-05-18,2000
R0050187,C0050082,H2,075,2024-05-12,3200
R0050188,C0004404,H2,110,2024-05-16,1000
R0050189,C0028589,H6,113,2024-05-14,1000
R0050190,C0002958,H4,127,2024-05-18,1200
R0050191,C0003201,H9,053,2024-05-12,1400
R0050192,C0008519,H3,191,2024-05-12,1200
R0050193,C0043570,H4,159,2024-05-15,2000
R0050194,C0041181,H5,157,2024-05-14,3800
R0050195,C0041866,H1,086,2024-05-12,1400
R0050196,C0028115,H3,142,2024-05-16,3400
R0050197,C0025771,H2,104,2024-05-12,3600
R0050198,C0021294,H9,132,2024-05-17,2400
R0050199,C0015462,H7,135,2024-05-15,3400
R0050200,C0054585,H7,036,2024-05-16,3200
R0050201,C0020243,H2,171,2024-05-15,1400
R0050202,C0017053,H10,127,2024-05-14,3200
R0050203,C0022834,H3,157,2024-05-14,2000
R0050204,C0049766,H5,157,2024-05-13,3200
R0050205,C0010670,H7,040,2024-05-15,2600
R0050206,C0004615,H2,051,2024-05-12,1200
R0050207,C0020527,H8,180,2024-05-17,2000
R0050208,C0041614,H10,185,2024-05-15,4000
R0050209,C0021832,H7,076,2024-05-16,3200
R0050210,C0027439,H7,179,2024-05-18,3000
R0050211,C0008242,H7,106,2024-05-17,1200
R0050212,C0028333,H5,147,2024-05-18,1800
R0050213,C0048580,H5,055,2024-05-15,3800
R0050214,C0024894,H1,036,2024-05-15,4000
R0050215,C0013414,H5,061,2024-05-13,2800
R0050216,C0010511,H8,040,2024-05-13,3000
R0050217,C0003801,H4,022,2024-05-18,2000
R0050218,C0031436,H6,124,2024-05-15,1800
R0050219,C0026666,H9,099,2024-05-18,1000
R0050220,C0017378,H1,159,2024-05-18,1400
R0050221,C0046377,H10,162,2024-05-15,1800
R0050222,C0030298,H9,064,2024-05-14,2400
R0050223,C0054043,H4,097,2024-05-15,1000
R0050224,C0041723,H4,111,2024-05-16,3000
R0050225,C0053878,H1,156,2024-05-13,1600
R0050226,C0047247,H4,119,2024-05-15,2800
R0050227,C0028829,H3,048,2024-05-17,1200
R0050228,C0023062,H8,194,2024-05-13,2200
R0050229,C0018039,H1,140,2024-05-14,3800
R0050230,C0044666,H7,127,2024-05-16,1400
R0050231,C0053362,H9,183,2024-05-17,3000
R0050232,C0020170,H1,089,2024-05-18,2000
R0050233,C0051273,H10,165,2024-05-17,3400
R0050234,C0046228,H1,083,2024-05-18,1200
R0050235,C0015763,H6,024,2024-05-18,3000
R0050236,C0039802,H8,149,2024-05-14,2200
R0050237,C0034502,H7,109,2024-05-17,2200
R0050238,C0045728,H10,114,2024-05-16,1600
R0050239,C0046236,H9,162,2024-05-16,3600
R0050240,C0000004,H2,169,2024-05-16,1800
R0050241,C0010140,H9,080,2024-05-14,2000
R0050242,C0054477,H10,159,2024-05-16,1000
R0050243,C0033625,H5,013,2024-05-15,2000
R0050244,C0027892,H1,116,2024-05-16,2200
R0050245,C0036220,H7,072,2024-05-14,3400
R0050246,C0053394,H2,179,2024-05-13,1800
R0050247,C0014601,H4,171,2024-05-15,3400
R0050248,C0003202,H1,101,2024-05-17,2800
R0050249,C0025830,H3,046,2024-05-15,4000
R0050250,C0052293,H4,012,2024-05-15,3000
R0050251,C0013124,H2,074,2024-05-12,3400
R0050252,C0026765,H6,059,2024-05-13,2600
R0050253,C0049160,H2,044,2024-05-14,1600
R0050254,C0034513,H10,150,2024-05-12,2000
R0050255,C0017081,H2,144,2024-05-16,2600
R0050256,C0000903,H3,070,2024-05-12,4000
R0050257,C0007911,H10,200,2024-05-13,2200
R0050258,C0010251,H1,045,2024-05-18,3200
R0050259,C0048907,H3,185,2024-05-16,2600
R0050260,C0036040,H2,040,2024-05-15,2600
R0050261,C0036316,H2,104,2024-05-17,1400
R0050262,C0032106,H10,106,2024-05-13,2200
R0050263,C0051342,H10,157,2024-05-18,4000
R0050264,C0018069,H5,098,2024-05-13,1000
R0050265,C0042927,H8,082,2024-05-18,3600
R0050266,C0046433,H7,179,2024-05-17,3600
R0050267,C0049355,H2,092,2024-05-17,1600
R0050268,C0042505,H5,104,2024-05-12,1400
R0050269,C0034152,H6,088,2024-05-18,2400
R0050270,C0039521,H1,039,2024-05-12,3600
R0050271,C0014793,H5,037,2024-05-13,3200
R0050272,C0049278,H10,111,2024-05-18,1600
R0050273,C0036766,H4,024,2024-05-17,2400
R0050274,C0022485,H6,201,2024-05-14,2800
R0050275,C0045389,H10,089,2024-05-14,2800
R0050276,C0023655,H7,112,2024-05-18,1200
R0050277,C0053994,H2,069,2024-05-17,1000
R0050278,C0021540,H5,089,2024-05-17,2000
R0050279,C0027770,H10,103,2024-05-13,2200
R0050280,C0020929,H1,019,2024-05-15,4000
R0050281,C0052547,H8,092,2024-05-18,3800
R0050282,C0016521,H4,038,2024-05-12,2000
R0050283,C0027774,H3,022,2024-05-13,2000
R0050284,C0015185,H3,058,2024-05-18,2600
R0050285,C0007445,H7,167,2024-05-13,2800
R0050286,C0053318,H3,028,2024-05-16,2000
R0050287,C0015777,H5,176,2024-05-12,1000
R0050288,C0027047,H9,076,2024-05-17,2600
R0050289,C0052500,H5,108,2024-05-13,3400
R0050290,C0012928,H8,128,2024-05-17,1800
R0050291,C0027291,H3,026,2024-05-12,2200
R0050292,C0011933,H4,135,2024-05-16,2200
R0050293,C0047912,H10,061,2024-05-13,3400
R0050294,C0017864,H1,046,2024-05-15,3200
R0050295,C0039095,H3,200,2024-05-16,3200
R0050296,C0008222,H4,020,2024-05-16,3000
R0050297,C0028722,H7,132,2024-05-13,3600
R0050298,C0041440,H6,068,2024-05-18,3000
R0050299,C0019452,H8,024,2024-05-12,1400
R0050300,C0004976,H5,143,2024-05-18,2200
R0050301,C0053170,H10,061,2024-05-12,3200
R0050302,C0045901,H10,053,2024-05-17,3200
R0050303,C0033483,H3,124,2024-05-16,3400
R0050304,C0018612,H1,141,2024-05-15,1000
R0050305,C0033073,H1,120,2024-05-14,1000
R0050306,C0003991,H1,171,2024-05-17,3600
R0050307,C0036835,H8,014,2024-05-13,2000
R0050308,C0048686,H5,065,2024-05-17,1200
R0050309,C0049818,H7,057,2024-05-18,2400
R0050310,C0039029,H3,187,2024-05-17,1400
R0050311,C0003297,H3,083,2024-05-13,2600
R0050312,C0001966,H3,117,2024-05-16,3800
R0050313,C0024890,H6,109,2024-05-18,3800
R0050314,C0044690,H9,115,2024-05-13,1200
R0050315,C0048386,H7,151,2024-05-12,4000
R0050316,C0007316,H1,069,2024-05-14,1600
R0050317,C0028397,H7,193,2024-05-18,2400
R0050318,C0017444,H9,120,2024-05-16,3400
R0050319,C0018159,H2,112,2024-05-12,1200
R0050320,C0013402,H1,126,2024-05-12,2800
R0050321,C0054457,H9,020,2024-05-14,4000
R0050322,C0043776,H3,136,2024-05-14,1800
R0050323,C0034068,H1,020,2024-05-18,3200
R0050324,C0018932,H3,039,2024-05-14,3200
R0050325,C0006857,H7,157,2024-05-18,1200
R0050326,C0018271,H2,123,2024-05-13,3000
R0050327,C0038067,H3,191,2024-05-12,2000
R0050328,C0005411,H3,129,2024-05-17,3400
R0050329,C0042971,H2,182,2024-05-14,1400
R0050330,C0038126,H1,142,2024-05-17,1400
R0050331,C0047567,H1,172,2024-05-18,3000
R0050332,C0005050,H6,082,2024-05-18,1400
R0050333,C0006548,H4,053,2024-05-15,2600
R0050334,C0040473,H6,155,2024-05-12,1600
R0050335,C0037003,H2,104,2024-05-18,2000
R0050336,C0016833,H2,015,2024-05-18,2400
R0050337,C0047792,H6,026,2024-05-14,3200
R0050338,C0042731,H6,166,2024-05-16,2200
R0050339,C0038625,H6,097,2024-05-18,3600
R0050340,C0019237,H1,021,2024-05-17,2400
R0050341,C0037158,H10,183,2024-05-14,1000
R0050342,C0027631,H4,074,2024-05-15,1000
R0050343,C0015318,H9,017,2024-05-16,2200
R0050344,C0028129,H6,104,2024-05-17,1600
R0050345,C0003841,H8,039,2024-05-13,3400
R0050346,C0011024,H7,164,2024-05-16,3000
R0050347,C0036291,H1,144,2024-05-17,2200
R0050348,C0000811,H8,184,2024-05-18,1400
R0050349,C0025103,H5,016,2024-05-18,1200
R0050350,C0027741,H9,082,2024-05-17,3600
R0050351,C0007262,H4,104,2024-05-16,3800
R0050352,C0035666,H7,174,2024-05-17,2600
R0050353,C0017938,H7,054,2024-05-12,3400
R0050354,C0023918,H5,126,2024-05-15,4000
R0050355,C0038507,H8,106,2024-05-16,1400
R0050356,C0013587,H3,064,2024-05-15,3200
R0050357,C0051011,H10,076,2024-05-15,2200
R0050358,C0039368,H10,062,2024-05-15,2200
R0050359,C0029004,H3,074,2024-05-14,1800
R0050360,C0007601,H5,058,2024-05-17,2000
R0050361,C0018861,H10,097,2024-05-16,1200
R0050362,C0046727,H4,085,2024-05-18,2800
R0050363,C0024996,H1,053,2024-05-16,3200
R0050364,C0042731,H2,125,2024-05-13,2800
R0050365,C0054047,H4,081,2024-05-17,2600
R0050366,C0014632,H2,077,2024-05-17,3400
R0050367,C0004664,H4,181,2024-05-16,4000
R0050368,C0049996,H1,038,2024-05-18,2400
R0050369,C0024216,H9,061,2024-05-16,3200
R0050370,C0014968,H1,076,2024-05-15,2800
R0050371,C0010143,H6,188,2024-05-13,2800
R0050372,C0036707,H4,027,2024-05-18,3800
R0050373,C0029657,H9,017,2024-05-14,3600
R0050374,C0040420,H10,057,2024-05-15,2800
R0050375,C0014860,H4,200,2024-05-16,2200
R0050376,C0007893,H7,140,2024-05-18,1200
R0050377,C0054144,H1,082,2024-05-13,2800
R0050378,C0047393,H9,092,2024-05-17,2600
R0050379,C0050167,H6,196,2024-05-18,4000
R0050380,C0048499,H4,013,2024-05-18,3800
R0050381,C0038358,H8,041,2024-05-16,1600
R0050382,C0016452,H7,150,2024-05-12,2000
R0050383,C0033718,H4,027,2024-05-18,2800
R0050384,C0048044,H7,064,2024-05-15,4000
R0050385,C0047296,H8,066,2024-05-12,2600
R0050386,C0024675,H4,187,2024-05-16,1800
R0050387,C0036629,H2,068,2024-05-17,1200
R0050388,C0044679,H3,095,2024-05-15,2800
R0050389,C0022275,H9,094,2024-05-15,2200
R0050390,C0020409,H2,121,2024-05-17,1000
R0050391,C0052039,H8,116,2024-05-12,4000
R0050392,C0052720,H9,076,2024-05-13,3200
R0050393,C0028888,H2,023,2024-05-15,3600
R0050394,C0019501,H3,145,2024-05-14,3400
R0050395,C0006774,H7,130,2024-05-17,2800
R0050396,C0026619,H1,140,2024-05-17,3200
R0050397,C0007002,H9,119,2024-05-18,1000
R0050398,C0015317,H9,136,2024-05-16,1000
R0050399,C0054191,H3,047,2024-05-17,1800
R0050400,C0038648,H3,125,2024-05-13,2000
R0050401,C0040361,H2,038,2024-05-15,3600
R0050402,C0045945,H7,160,2024-05-18,2600
R0050403,C0042531,H7,181,2024-05-16,2000
R0050404,C0021311,H2,141,2024-05-13,4000
R0050405,C0030385,H4,031,2024-05-14,1200
R0050406,C0037026,H5,025,2024-05-17,3000
R0050407,C0035889,H7,013,2024-05-17,2800
R0050408,C0036509,H3,047,2024-05-13,3800
R0050409,C0048678,H7,065,2024-05-16,2200
R0050410,C0051588,H4,151,2024-05-14,1600
R0050411,C0012119,H6,084,2024-05-13,3800
R0050412,C0028174,H6,131,2024-05-14,1200
R0050413,C0050464,H10,199,2024-05-13,2800
R0050414,C0008094,H7,183,2024-05-18,3000
R0050415,C0006194,H8,161,2024-05-12,3000
R0050416,C0014568,H10,041,2024-05-18,3800
R0050417,C0045517,H9,143,2024-05-15,2800
R0050418,C0046991,H6,045,2024-05-15,2800
R0050419,C0019720,H7,119,2024-05-12,1600
R0050420,C0043434,H1,013,2024-05-14,1000
R0050421,C0022299,H1,042,2024-05-14,3400
R0050422,C0042034,H5,133,2024-05-13,2600
R0050423,C0008620,H8,042,2024-05-16,1600
R0050424,C0040017,H10,005,2024-05-15,2800
R0050425,C0009099,H7,076,2024-05-17,1600
R0050426,C0019812,H7,051,2024-05-16,1200
R0050427,C0005723,H2,105,2024-05-16,1400
R0050428,C0050282,H2,178,2024-05-18,1400
R0050429,C0045613,H8,102,2024-05-16,3400
R0050430,C0005835,H10,115,2024-05-17,2800
R0050431,C0047284,H9,194,2024-05-12,2800
R0050432,C0046520,H8,100,2024-05-12,3200
R0050433,C0013750,H10,159,2024-05-14,2000
R0050434,C0036578,H1,100,2024-05-17,3600
R0050435,C0050328,H8,124,2024-05-18,3600
R0050436,C0005733,H9,168,2024-05-16,3200
R0050437,C0041056,H8,038,2024-05-13,3000
R0050438,C0004779,H3,101,2024-05-12,3000
R0050439,C0011328,H10,017,2024-05-18,3000
R0050440,C0038172,H6,183,2024-05-13,2800
R0050441,C0034734,H10,016,2024-05-12,4000
R0050442,C0034658,H7,144,2024-05-14,1400
R0050443,C0049249,H6,186,2024-05-17,3800
R0050444,C0032618,H7,055,2024-05-18,2600
R0050445,C0039586,H3,035,2024-05-17,4000
R0050446,C0047745,H7,196,2024-05-14,2400
R0050447,C0034683,H5,064,2024-05-13,3200
R0050448,C0045906,H6,193,2024-05-17,2400
R0050449,C0027226,H6,147,2024-05-18,1600
R0050450,C0034597,H9,101,2024-05-18,3800
R0050451,C0054989,H9,108,2024-05-17,4000
R0050452,C0007338,H3,049,2024-05-13,2600
R0050453,C0027858,H5,107,2024-05-12,3600
R0050454,C0052564,H1,101,2024-05-12,3600
R0050455,C0045447,H2,099,2024-05-13,1600
R0050456,C0014809,H4,141,2024-05-17,3800
R0050457,C0018106,H10,104,2024-05-16,4000
R0050458,C0006115,H4,029,2024-05-14,4000
R0050459,C0017453,H8,031,2024-05-15,1800
R0050460,C0006943,H8,123,2024-05-18,2400
R0050461,C0019580,H6,085,2024-05-14,2400
R0050462,C0019124,H8,178,2024-05-13,1200
R0050463,C0047862,H9,065,2024-05-17,2600
R0050464,C0014377,H5,054,2024-05-17,1000
R0050465,C0050653,H2,197,2024-05-17,2800
R0050466,C0044242,H10,070,2024-05-13,2600
R0050467,C0021395,H9,117,2024-05-18,2200
R0050468,C0013468,H9,061,2024-05-14,4000
R0050469,C0011869,H1,189,2024-05-16,2800
R0050470,C0019402,H9,175,2024-05-13,2800
R0050471,C0021179,H3,020,2024-05-13,2400
R0050472,C0014696,H5,125,2024-05-17,3200
R0050473,C0053426,H3,007,2024-05-16,1800
R0050474,C0034503,H6,021,2024-05-14,1400
R0050475,C0002023,H4,050,2024-05-13,3600
R0050476,C0036525,H5,021,2024-05-18,3600
R0050477,C0052507,H1,077,2024-05-18,1800
R0050478,C0000546,H1,051,2024-05-15,1400
R0050479,C0014011,H8,154,2024-05-16,2600
R0050480,C0004092,H10,022,2024-05-17,4000
R0050481,C0039991,H8,146,2024-05-12,1000
R0050482,C0011008,H10,009,2024-05-18,3400
R0050483,C0038379,H5,009,2024-05-13,2000
R0050484,C0022943,H4,064,2024-05-15,1400
R0050485,C0050119,H8,086,2024-05-13,2600
R0050486,C0048928,H10,007,2024-05-15,2000
R0050487,C0047658,H4,048,2024-05-16,3400
R0050488,C0017551,H7,135,2024-05-15,2600
R0050489,C0033303,H7,201,2024-05-16,3400
R0050490,C0045760,H5,181,2024-05-18,1000
R0050491,C0016175,H9,127,2024-05-13,1800
R0050492,C0048336,H3,174,2024-05-15,1000
R0050493,C0026918,H5,062,2024-05-18,1600
R0050494,C0016386,H5,048,2024-05-15,3600
R0050495,C0025764,H5,075,2024-05-14,1800
R0050496,C0029929,H3,059,2024-05-15,2600
R0050497,C0011404,H7,144,2024-05-18,4000
R0050498,C0023157,H1,137,2024-05-13,2800
R0050499,C0018791,H10,102,2024-05-16,1200
R0050500,C0009934,H7,089,2024-05-15,2200
R0050501,C0012098,H9,157,2024-05-14,2400
R0050502,C0004673,H1,117,2024-05-12,2000
R0050503,C0004715,H3,012,2024-05-18,2200
R0050504,C0052873,H6,025,2024-05-13,2800
R0050505,C0053211,H9,089,2024-05-17,1200
R0050506,C0039892,H9,051,2024-05-13,3000
R0050507,C0021809,H3,136,2024-05-13,1000
R0050508,C0037646,H6,139,2024-05-16,3400
R0050509,C0004150,H10,089,2024-05-17,1800
R0050510,C0023308,H7,194,2024-05-15,2400
R0050511,C0051302,H9,075,2024-05-17,1200
R0050512,C0003429,H6,030,2024-05-12,1400
R0050513,C0009962,H4,183,2024-05-17,1800
R0050514,C0023866,H1,019,2024-05-14,2800
R0050515,C0021310,H2,189,2024-05-15,2600
R0050516,C0016819,H5,114,2024-05-16,2200
R0050517,C0018977,H7,138,2024-05-14,1800
R0050518,C0033375,H9,032,2024-05-17,3000
R0050519,C0017155,H4,008,2024-05-16,2200
R0050520,C0013118,H2,102,2024-05-18,3600
R0050521,C0053337,H5,198,2024-05-18,2400
R0050522,C0038767,H1,098,2024-05-13,4000
R0050523,C0014256,H1,134,2024-05-12,2200
R0050524,C0054195,H7,083,2024-05-12,2000
R0050525,C0026065,H10,109,2024-05-18,3200
R0050526,C0039592,H5,168,2024-05-18,3600
R0050527,C0012910,H8,187,2024-05-17,2200
R0050528,C0020054,H2,034,2024-05-14,2000
R0050529,C0027921,H9,090,2024-05-16,2800
R0050530,C0028266,H2,012,2024-05-12,1800
R0050531,C0013682,H6,152,2024-05-14,3000
R0050532,C0030108,H5,089,2024-05-15,2600
R0050533,C0000823,H1,188,2024-05-17,1000
R0050534,C0027974,H6,045,2024-05-18,2600
R0050535,C0043582,H10,140,2024-05-12,2400
R0050536,C0020420,H3,075,2024-05-17,1800
R0050537,C0042754,H1,035,2024-05-14,3800
R0050538,C0042403,H5,188,2024-05-12,2400
R0050539,C0049757,H10,003,2024-05-18,2200
R0050540,C0050657,H8,122,2024-05-12,2600
R0050541,C0048806,H6,088,2024-05-18,1800
R0050542,C0034778,H2,044,2024-05-18,3000
R0050543,C0034672,H4,043,2024-05-18,2200
R0050544,C0013544,H9,079,2024-05-13,1400
R0050545,C0050488,H2,060,2024-05-14,3800
R0050546,C0048780,H8,157,2024-05-16,3400
R0050547,C0009252,H4,156,2024-05-13,2800
R0050548,C0042853,H8,182,2024-05-13,1200
R0050549,C0026458,H4,109,2024-05-14,3200
R0050550,C0042252,H3,131,2024-05-13,2000
R0050551,C0050847,H10,103,2024-05-12,2400
R0050552,C0034606,H8,027,2024-05-18,1000
R0050553,C0030836,H4,106,2024-05-17,1200
R0050554,C0043717,H2,188,2024-05-16,1600
R0050555,C0005490,H5,175,2024-05-14,3200
R0050556,C0026312,H2,163,2024-05-16,1600
R0050557,C0039683,H1,036,2024-05-16,3400
R0050558,C0042973,H1,189,2024-05-16,2200
R0050559,C0034582,H3,046,2024-05-15,3800
R0050560,C0053232,H4,171,2024-05-16,1800
R0050561,C0007810,H3,142,2024-05-13,3600
R0050562,C0004693,H3,189,2024-05-18,2800
R0050563,C0040230,H9,094,2024-05-12,3200
R0050564,C0019866,H1,106,2024-05-15,2800
R0050565,C0010755,H7,094,2024-05-14,3000
R0050566,C0008565,H4,022,2024-05-14,3600
R0050567,C0004275,H2,147,2024-05-14,3000
R0050568,C0040185,H3,088,2024-05-12,2200
R0050569,C0017761,H4,052,2024-05-15,3800
R0050570,C0018081,H6,011,2024-05-18,4000
R0050571,C0014643,H7,038,2024-05-17,2600
R0050572,C0031728,H8,027,2024-05-18,1200
R0050573,C0048928,H5,090,2024-05-14,1800
R0050574,C0009146,H9,092,2024-05-15,1000
R0050575,C0002296,H5,026,2024-05-15,2200
R0050576,C0050532,H3,102,2024-05-13,1600
R0050577,C0049603,H8,146,2024-05-15,2200
R0050578,C0016714,H9,145,2024-05-16,2400
R0050579,C0038618,H5,026,2024-05-13,3600
R0050580,C0030418,H7,003,2024-05-16,2200
R0050581,C0011998,H2,086,2024-05-18,1400
R0050582,C0012220,H6,056,2024-05-15,3800
R0050583,C0011466,H6,080,2024-05-14,3600
R0050584,C0027652,H7,166,2024-05-13,1400
R0050585,C0032850,H5,080,2024-05-12,3400
R0050586,C0040120,H6,039,2024-05-16,1400
R0050587,C0012073,H5,175,2024-05-15,2000
R0050588,C0020466,H5,084,2024-05-14,2800
R0050589,C0047651,H8,189,2024-05-18,3400
R0050590,C0027771,H5,154,2024-05-15,1800
R0050591,C0004370,H4,060,2024-05-14,2400
R0050592,C0011147,H7,015,2024-05-13,1800
R0050593,C0044095,H4,169,2024-05-18,3000
R0050594,C0046968,H10,133,2024-05-15,2400
R0050595,C0042958,H2,045,2024-05-17,3400
R0050596,C0000443,H3,100,2024-05-15,1000
R0050597,C0029189,H2,175,2024-05-14,3400
R0050598,C0011734,H10,201,2024-05-14,1800
R0050599,C0043806,H3,095,2024-05-12,1200
R0050600,C0019959,H8,074,2024-05-14,3600
R0050601,C0016271,H10,170,2024-05-13,3600
R0050602,C0054468,H8,169,2024-05-17,3800
R0050603,C0028629,H9,142,2024-05-18,2000
R0050604,C0022690,H2,122,2024-05-18,3600
R0050605,C0046633,H10,076,2024-05-12,3000
R0050606,C0014052,H7,098,2024-05-18,1600
R0050607,C0020458,H4,164,2024-05-17,1000
R0050608,C0030904,H2,056,2024-05-13,1600
R0050609,C0031301,H7,092,2024-05-13,2800
R0050610,C0002144,H8,084,2024-05-17,2800
R0050611,C0025095,H8,186,2024-05-17,1600
R0050612,C0040383,H1,158,2024-05-12,2800
R0050613,C0003232,H2,006,2024-05-13,2800
R0050614,C0001634,H3,072,2024-05-13,3600
R0050615,C0018015,H7,198,2024-05-13,3400
R0050616,C0040746,H5,150,2024-05-17,1000
R0050617,C0005195,H5,072,2024-05-17,3200
R0050618,C0044709,H6,155,2024-05-12,3400
R0050619,C0025552,H2,159,2024-05-15,3200
R0050620,C0016408,H7,046,2024-05-15,3000
R0050621,C0052610,H2,098,2024-05-18,1600
R0050622,C0027191,H5,070,2024-05-15,1600
R0050623,C0040674,H5,019,2024-05-15,1200
R0050624,C0008631,H10,168,2024-05-12,3600
R0050625,C0001273,H6,026,2024-05-16,3800
R0050626,C0014816,H7,060,2024-05-15,3800
R0050627,C0048296,H1,051,2024-05-14,2000
R0050628,C0010875,H4,003,2024-05-15,1800
R0050629,C0014250,H6,043,2024-05-17,4000
R0050630,C0040686,H10,129,2024-05-12,3200
R0050631,C0049648,H1,053,2024-05-14,3800
R0050632,C0053695,H10,050,2024-05-14,3800
R0050633,C0001586,H8,098,2024-05-16,3200
R0050634,C0004799,H4,200,2024-05-12,2600
R0050635,C0041176,H9,032,2024-05-14,2000
R0050636,C0051238,H1,139,2024-05-14,1600
R0050637,C0035810,H8,128,2024-05-13,3200
R0050638,C0048742,H1,181,2024-05-15,2600
R0050639,C0041966,H8,190,2024-05-14,1400
R0050640,C0002789,H6,041,2024-05-12,1800
R0050641,C0048259,H5,052,2024-05-16,1000
R0050642,C0038645,H8,171,2024-05-12,2600
R0050643,C0026808,H10,110,2024-05-14,2200
R0050644,C0031110,H7,142,2024-05-13,2800
R0050645,C0012044,H6,131,2024-05-18,3600
R0050646,C0052110,H8,089,2024-05-12,1200
R0050647,C0018243,H3,147,2024-05-12,1400
R0050648,C0052387,H8,201,2024-05-16,2800
R0050649,C0015535,H2,013,2024-05-18,1800
R0050650,C0050149,H9,172,2024-05-18,3200
R0050651,C0012657,H10,105,2024-05-13,4000
R0050652,C0050031,H9,111,2024-05-17,4000
R0050653,C0003744,H1,104,2024-05-16,2800
R0050654,C0013253,H1,134,2024-05-12,1800
R0050655,C0019171,H8,006,2024-05-17,2600
R0050656,C0046312,H9,060,2024-05-14,2600
R0050657,C0006391,H8,008,2024-05-16,1000
R0050658,C0047429,H9,195,2024-05-14,3000
R0050659,C0038230,H4,074,2024-05-12,2200
R0050660,C0032150,H3,119,2024-05-16,1200
R0050661,C0041701,H9,091,2024-05-17,3600
R0050662,C0052743,H1,013,2024-05-12,1000
R0050663,C0006766,H3,158,2024-05-17,2200
R0050664,C0005383,H1,107,2024-05-12,1400
R0050665,C0032563,H6,161,2024-05-17,3600
R0050666,C0029240,H3,153,2024-05-13,1800
R0050667,C0039316,H1,157,2024-05-15,1600
R0050668,C0017230,H1,129,2024-05-13,2000
R0050669,C0054359,H9,194,2024-05-17,1000
R0050670,C0012517,H7,157,2024-05-12,1800
R0050671,C0017379,H2,183,2024-05-12,3800
R0050672,C0016372,H4,155,2024-05-17,3600
R0050673,C0049265,H7,007,2024-05-14,3200
R0050674,C0033424,H2,016,2024-05-18,3600
R0050675,C0025302,H10,078,2024-05-17,2200
R0050676,C0048081,H10,200,2024-05-17,1000
R0050677,C0018950,H5,138,2024-05-12,1600
R0050678,C0005655,H6,192,2024-05-16,1800
R0050679,C0018459,H8,174,2024-05-18,3600
R0050680,C0003889,H10,007,2024-05-14,3000
R0050681,C0003354,H5,050,2024-05-12,2400
R0050682,C0043143,H6,135,2024-05-14,3000
R0050683,C0020473,H8,132,2024-05-14,1000
R0050684,C0047070,H4,056,2024-05-16,2600
R0050685,C0054174,H10,064,2024-05-17,1400
R0050686,C0023949,H2,134,2024-05-16,2600
R0050687,C0008542,H5,083,2024-05-13,1400
R0050688,C0018989,H7,087,2024-05-12,1200
R0050689,C0034004,H9,168,2024-05-17,1400
R0050690,C0002802,H9,172,2024-05-15,1800
R0050691,C0031038,H4,056,2024-05-12,2600
R0050692,C0010156,H3,072,2024-05-17,1600
R0050693,C0020727,H10,086,2024-05-16,1000
R0050694,C0047912,H8,008,2024-05-17,3600
R0050695,C0050088,H10,106,2024-05-12,3600
R0050696,C0037765,H7,028,2024-05-17,3600
R0050697,C0052600,H8,198,2024-05-16,2600
R0050698,C0015558,H7,088,2024-05-15,3200
R0050699,C0036602,H4,031,2024-05-16,3400
R0050700,C0043703,H1,156,2024-05-15,3800
R0050701,C0016166,H5,114,2024-05-14,3400
R0050702,C0054924,H4,162,2024-05-15,2600
R0050703,C0005690,H6,069,2024-05-14,2200
R0050704,C0000066,H7,134,2024-05-16,2200
R0050705,C0053535,H6,163,2024-05-16,2400
R0050706,C0052041,H1,155,2024-05-12,2000
R0050707,C0007713,H5,067,2024-05-17,2600
R0050708,C0004370,H5,130,2024-05-12,1400
R0050709,C0043851,H2,074,2024-05-13,1400
R0050710,C0044703,H5,081,2024-05-16,2800
R0050711,C0012569,H2,080,2024-05-17,1400
R0050712,C0022834,H9,082,2024-05-18,3400
R0050713,C0018801,H6,066,2024-05-12,1200
R0050714,C0035285,H2,035,2024-05-18,3600
R0050715,C0002690,H10,199,2024-05-13,3800
R0050716,C0007649,H7,146,2024-05-12,3600
R0050717,C0028267,H9,173,2024-05-15,3000
R0050718,C0047324,H9,201,2024-05-14,2400
R0050719,C0032885,H7,032,2024-05-15,3200
R0050720,C0031400,H2,005,2024-05-17,2200
R0050721,C0015398,H5,085,2024-05-12,2200
R0050722,C0029138,H8,130,2024-05-14,1400
R0050723,C0054440,H10,114,2024-05-12,3200
R0050724,C0021952,H9,097,2024-05-17,1400
R0050725,C0025355,H1,012,2024-05-13,2200
R0050726,C0018075,H8,019,2024-05-13,1000
R0050727,C0029574,H6,109,2024-05-13,4000
R0050728,C0023762,H8,124,2024-05-15,2800
R0050729,C0024908,H2,101,2024-05-15,1000
R0050730,C0033883,H5,002,2024-05-15,1600
R0050731,C0041741,H5,163,2024-05-14,3200
R0050732,C0004449,H6,114,2024-05-13,2600
R0050733,C0040653,H9,149,2024-05-13,3200
R0050734,C0028564,H2,065,2024-05-17,3400
R0050735,C0001090,H5,185,2024-05-15,2400
R0050736,C0037375,H6,011,2024-05-12,3200
R0050737,C0008755,H7,017,2024-05-18,1600
R0050738,C0001541,H2,145,2024-05-16,2200
R0050739,C0001187,H2,078,2024-05-14,3800
R0050740,C0001574,H8,104,2024-05-14,3200
R0050741,C0016433,H2,041,2024-05-12,3200
R0050742,C0014587,H1,012,2024-05-15,1600
R0050743,C0002817,H7,097,2024-05-16,2800
R0050744,C0046762,H5,153,2024-05-15,3600
R0050745,C0032933,H8,114,2024-05-15,2800
R0050746,C0036114,H10,174,2024-05-16,4000
R0050747,C0002725,H10,002,2024-05-14,3600
R0050748,C0020740,H7,106,2024-05-16,1400
R0050749,C0013996,H4,052,2024-05-17,1200
R0050750,C0025452,H6,003,2024-05-12,1600
R0050751,C0025606,H5,054,2024-05-12,2600
R0050752,C0047553,H2,127,2024-05-16,1400
R0050753,C0045261,H6,186,2024-05-15,4000
R0050754,C0007846,H3,144,2024-05-12,2600
R0050755,C0018896,H10,155,2024-05-15,4000
R0050756,C0049287,H8,182,2024-05-14,1600
R0050757,C0039193,H7,156,2024-05-17,2800
R0050758,C0039220,H10,025,2024-05-17,2400
R0050759,C0045010,H10,092,2024-05-17,1200
R0050760,C0035633,H1,142,2024-05-18,1400
R0050761,C0051841,H10,043,2024-05-12,1000
R0050762,C0005271,H10,145,2024-05-13,2600
R0050763,C0008033,H7,155,2024-05-16,1400
R0050764,C0004067,H3,081,2024-05-17,3400
R0050765,C0006437,H8,142,2024-05-12,1800
R0050766,C0041921,H6,039,2024-05-15,4000
R0050767,C0033317,H10,119,2024-05-16,1000
R0050768,C0044236,H5,174,2024-05-14,1200
R0050769,C0022264,H8,055,2024-05-16,2400
R0050770,C0010254,H6,034,2024-05-17,1600
R0050771,C0007988,H5,016,2024-05-17,2000
R0050772,C0013133,H7,067,2024-05-18,2200
R0050773,C0032944,H9,110,2024-05-17,1800
R0050774,C0003454,H9,069,2024-05-13,2000
R0050775,C0023119,H2,056,2024-05-15,1800
R0050776,C0014150,H6,086,2024-05-17,3600
R0050777,C0052004,H6,094,2024-05-15,3800
R0050778,C0022436,H2,059,2024-05-18,2200
R0050779,C0006869,H3,187,2024-05-15,1000
R0050780,C0042742,H5,176,2024-05-13,3600
R0050781,C0025151,H4,139,2024-05-17,2400
R0050782,C0019416,H2,127,2024-05-13,3800
R0050783,C0027269,H3,067,2024-05-17,2000
R0050784,C0022586,H3,122,2024-05-15,3800
R0050785,C0051861,H4,107,2024-05-18,1000
R0050786,C0005170,H5,077,2024-05-12,3200
R0050787,C0001968,H5,119,2024-05-13,1600
R0050788,C0009313,H5,127,2024-05-13,2400
R0050789,C0000478,H8,100,2024-05-18,1000
R0050790,C0040718,H6,144,2024-05-17,1800
R0050791,C0009646,H7,195,2024-05-12,4000
R0050792,C0016916,H2,128,2024-05-14,3200
R0050793,C0037041,H2,081,2024-05-16,2400
R0050794,C0002012,H6,030,2024-05-15,2000
R0050795,C0028823,H9,166,2024-05-15,3200
R0050796,C0042916,H3,108,2024-05-17,3400
R0050797,C0032528,H9,004,2024-05-16,1600
R0050798,C0022565,H5,113,2024-05-12,3000
R0050799,C0020916,H1,046,2024-05-15,1200
R0050800,C0028819,H10,004,2024-05-16,2400
R0050801,C0009675,H6,057,2024-05-15,1800
R0050802,C0020696,H9,085,2024-05-16,3200
R0050803,C0013503,H6,157,2024-05-13,1000
R0050804,C0034370,H4,151,2024-05-15,2200
R0050805,C0043854,H5,198,2024-05-15,1200
R0050806,C0022872,H3,075,2024-05-12,3600
R0050807,C0011411,H7,170,2024-05-14,2600
R0050808,C0034556,H1,063,2024-05-12,3200
R0050809,C0029913,H2,061,2024-05-17,2200
R0050810,C0024426,H2,157,2024-05-17,2400
R0050811,C0053101,H5,061,2024-05-18,2400
R0050812,C0005414,H10,093,2024-05-15,2600
R0050813,C0019863,H4,165,2024-05-16,1800
R0050814,C0026808,H5,084,2024-05-15,3400
R0050815,C0043263,H7,059,2024-05-12,3200
R0050816,C0053321,H3,092,2024-05-13,3000
R0050817,C0015171,H1,070,2024-05-15,2000
R0050818,C0007930,H4,169,2024-05-13,1000
R0050819,C0011116,H4,132,2024-05-15,3200
R0050820,C0033756,H2,153,2024-05-14,1800
R0050821,C0036905,H9,104,2024-05-13,2200
R0050822,C0002332,H9,077,2024-05-18,2400
R0050823,C0036608,H7,178,2024-05-14,3400
R0050824,C0008369,H6,070,2024-05-17,1200
R0050825,C0005131,H4,110,2024-05-17,2400
R0050826,C0019548,H10,073,2024-05-17,2800
R0050827,C0016866,H4,159,2024-05-18,2600
R0050828,C0033906,H6,144,2024-05-14,1800
R0050829,C0005161,H7,039,2024-05-15,3000
R0050830,C0033458,H7,009,2024-05-17,2400
R0050831,C0016708,H4,075,2024-05-12,2600
R0050832,C0009243,H5,010,2024-05-18,3400
R0050833,C0025235,H4,090,2024-05-15,2800
R0050834,C0018589,H10,164,2024-05-17,1600
R0050835,C0048305,H5,174,2024-05-16,3600
R0050836,C0014088,H3,063,2024-05-17,1000
R0050837,C0047031,H4,183,2024-05-17,2800
R0050838,C0041583,H7,168,2024-05-14,3400
R0050839,C0024359,H9,132,2024-05-14,3000
R0050840,C0019393,H3,171,2024-05-14,1800
R0050841,C0039595,H8,039,2024-05-14,1400
R0050842,C0050905,H5,077,2024-05-14,3600
R0050843,C0027614,H2,069,2024-05-14,3000
R0050844,C0008438,H5,131,2024-05-16,3400
R0050845,C0015860,H7,113,2024-05-14,2800
R0050846,C0004029,H7,085,2024-05-13,4000
R0050847,C0000708,H7,067,2024-05-18,4000
R0050848,C0025861,H3,190,2024-05-17,1400
R0050849,C0012074,H5,089,2024-05-14,3000
R0050850,C0021695,H4,041,2024-05-12,3600
R0050851,C0041561,H1,126,2024-05-14,1000
R0050852,C0003646,H5,139,2024-05-14,1000
R0050853,C0013638,H10,026,2024-05-17,1600
R0050854,C0041850,H1,079,2024-05-12,3400
R0050855,C0012456,H7,116,2024-05-17,1200
R0050856,C0015615,H4,025,2024-05-17,4000
R0050857,C0040725,H2,017,2024-05-12,2200
R0050858,C0007197,H1,135,2024-05-18,2800
R0050859,C0039409,H4,101,2024-05-16,2400
R0050860,C0045061,H2,120,2024-05-12,3200
R0050861,C0040151,H1,173,2024-05-12,2600
R0050862,C0020623,H3,060,2024-05-13,1200
R0050863,C0038206,H6,146,2024-05-14,3200
R0050864,C0011006,H10,050,2024-05-18,2600
R0050865,C0003338,H8,102,2024-05-13,2400
R0050866,C0019133,H2,057,2024-05-17,1600
R0050867,C0053947,H1,104,2024-05-14,2600
R0050868,C0003067,H3,123,2024-05-12,3600
R0050869,C0021999,H7,162,2024-05-12,2800
R0050870,C0009541,H8,065,2024-05-13,1600
R0050871,C0017281,H5,051,2024-05-16,3400
R0050872,C0038767,H3,036,2024-05-14,3200
R0050873,C0009091,H9,028,2024-05-14,3800
R0050874,C0037626,H8,163,2024-05-13,3600
R0050875,C0040342,H1,083,2024-05-16,1600
R0050876,C0046859,H2,159,2024-05-18,2400
R0050877,C0049447,H7,080,2024-05-13,2200
R0050878,C0019440,H8,182,2024-05-16,3400
R0050879,C0027298,H5,192,2024-05-13,4000
R0050880,C0036544,H7,055,2024-05-18,1200
R0050881,C0035541,H5,130,2024-05-12,3800
R0050882,C0009353,H2,173,2024-05-15,4000
R0050883,C0038408,H5,150,2024-05-16,2800
R0050884,C0003774,H1,070,2024-05-14,1200
R0050885,C0006830,H2,061,2024-05-15,2200
R0050886,C0043658,H10,049,2024-05-12,3800
R0050887,C0036013,H7,047,2024-05-14,3600
R0050888,C0052132,H8,083,2024-05-15,3000
R0050889,C0008282,H7,048,2024-05-18,2600
R0050890,C0000156,H8,066,2024-05-13,2400
R0050891,C0039687,H10,093,2024-05-16,2800
R0050892,C0048564,H3,003,2024-05-12,2800
R0050893,C0031555,H2,050,2024-05-12,3000
R0050894,C0038528,H6,036,2024-05-17,3800
R0050895,C0037490,H5,096,2024-05-15,3800
R0050896,C0046706,H9,049,2024-05-15,4000
R0050897,C0023347,H3,062,2024-05-12,1600
R0050898,C0047502,H7,194,2024-05-17,3600
R0050899,C0051364,H4,123,2024-05-16,3400
R0050900,C0054073,H6,065,2024-05-16,3800
R0050901,C0038346,H9,148,2024-05-13,2800
R0050902,C0051518,H8,120,2024-05-17,2800
R0050903,C0021863,H2,164,2024-05-12,3200
R0050904,C0030474,H2,114,2024-05-13,1200
R0050905,C0019609,H9,098,2024-05-15,2800
R0050906,C0038916,H8,042,2024-05-16,1000
R0050907,C0032811,H1,011,2024-05-14,1400
R0050908,C0027895,H8,025,2024-05-14,3600
R0050909,C0039433,H4,002,2024-05-13,1400
R0050910,C0025799,H5,164,2024-05-15,1800
R0050911,C0001568,H4,103,2024-05-17,3400
R0050912,C0023494,H8,062,2024-05-13,3400
R0050913,C0009080,H5,058,2024-05-17,1800
R0050914,C0040477,H5,131,2024-05-13,2400
R0050915,C0024930,H6,132,2024-05-15,1200
R0050916,C0037985,H4,117,2024-05-14,2400
R0050917,C0005376,H1,019,2024-05-14,1600
R0050918,C0034653,H10,081,2024-05-13,3400
R0050919,C0000918,H3,164,2024-05-18,3600
R0050920,C0012894,H8,189,2024-05-17,3200
R0050921,C0051379,H9,039,2024-05-12,3400
R0050922,C0032055,H10,035,2024-05-16,4000
R0050923,C0035505,H6,073,2024-05-15,1600
R0050924,C0040914,H8,138,2024-05-12,3200
R0050925,C0010643,H9,035,2024-05-15,2800
R0050926,C0054279,H6,164,2024-05-17,1400
R0050927,C0023105,H1,140,2024-05-18,1400
R0050928,C0003120,H3,108,2024-05-16,1000
R0050929,C0046207,H6,075,2024-05-17,1600
R0050930,C0025553,H8,198,2024-05-16,2000
R0050931,C0043789,H1,066,2024-05-13,2200
R0050932,C0032394,H3,104,2024-05-13,3000
R0050933,C0006081,H10,054,2024-05-17,2800
R0050934,C0029963,H9,020,2024-05-14,3600
R0050935,C0014389,H6,011,2024-05-15,2200
R0050936,C0051473,H9,162,2024-05-14,4000
R0050937,C0034753,H10,125,2024-05-16,1000
R0050938,C0039612,H8,099,2024-05-17,3400
R0050939,C0001727,H8,059,2024-05-16,2400
R0050940,C0040690,H2,113,2024-05-16,3600
R0050941,C0041847,H6,181,2024-05-17,2200
R0050942,C0045046,H6,087,2024-05-15,2400
R0050943,C0020724,H6,081,2024-05-16,2200
R0050944,C0005388,H5,062,2024-05-18,3600
R0050945,C0015590,H9,140,2024-05-13,3800
R0050946,C0000100,H8,004,2024-05-17,4000
R0050947,C0040003,H10,139,2024-05-16,3000
R0050948,C0047012,H2,033,2024-05-15,1000
R0050949,C0026386,H10,084,2024-05-18,3800
R0050950,C0046523,H10,088,2024-05-14,1000
R0050951,C0024872,H5,188,2024-05-13,3400
R0050952,C0038490,H9,102,2024-05-13,3000
R0050953,C0040402,H10,102,2024-05-13,2400
R0050954,C0000876,H7,177,2024-05-16,4000
R0050955,C0030805,H2,142,2024-05-17,3000
R0050956,C0047095,H10,024,2024-05-14,2600
R0050957,C0032947,H10,189,2024-05-14,2200
R0050958,C0044534,H5,188,2024-05-16,3200
R0050959,C0054938,H10,176,2024-05-12,2600
R0050960,C0024999,H3,064,2024-05-16,3800
R0050961,C0024078,H6,114,2024-05-15,1400
R0050962,C0021352,H5,185,2024-05-15,2200
R0050963,C0031499,H10,149,2024-05-17,1600
R0050964,C0013654,H1,172,2024-05-17,4000
R0050965,C0032909,H7,074,2024-05-18,2000
R0050966,C0042032,H10,137,2024-05-18,2800
R0050967,C0040008,H10,032,2024-05-15,1400
R0050968,C0021122,H6,043,2024-05-17,2800
R0050969,C0025212,H9,118,2024-05-15,1600
R0050970,C0016516,H7,098,2024-05-15,1000
R0050971,C0005858,H7,167,2024-05-14,3800
R0050972,C0000070,H10,167,2024-05-14,2800
R0050973,C0047681,H1,127,2024-05-16,1600
R0050974,C0042262,H2,087,2024-05-12,3800
R0050975,C0002684,H8,050,2024-05-12,3600
R0050976,C0043300,H7,106,2024-05-17,1800
R0050977,C0018756,H9,169,2024-05-12,3400
R0050978,C0005081,H5,192,2024-05-13,3000
R0050979,C0037225,H2,116,2024-05-18,1200
R0050980,C0030365,H7,113,2024-05-14,2400
R0050981,C0017477,H1,163,2024-05-17,4000
R0050982,C0022782,H1,193,2024-05-17,3000
R0050983,C0008722,H3,067,2024-05-15,2000
R0050984,C0003315,H10,162,2024-05-16,3800
R0050985,C0028624,H2,117,2024-05-16,1600
R0050986,C0012131,H1,131,2024-05-13,2600
R0050987,C0034905,H8,128,2024-05-12,3400
R0050988,C0021826,H7,063,2024-05-17,2600
R0050989,C0041583,H4,085,2024-05-14,1600
R0050990,C0023649,H7,060,2024-05-12,2600
R0050991,C0037547,H4,080,2024-05-15,1000
R0050992,C0039726,H2,002,2024-05-13,3600
R0050993,C0039099,H3,070,2024-05-14,2400
R0050994,C0048294,H1,118,2024-05-17,1000
R0050995,C0018686,H6,029,2024-05-17,3400
R0050996,C0000306,H9,144,2024-05-15,2600
R0050997,C0017473,H2,063,2024-05-12,1400
R0050998,C0048911,H8,199,2024-05-17,2000
R0050999,C0043994,H8,023,2024-05-12,1000
R0051000,C0036675,H9,085,2024-05-17,2200
S0010001,C0014604,H4,023,2024-05-19,100
S0010002,C0005273,H5,111,2024-05-19,100
S0010003,C0051176,H2,083,2024-05-19,200
S0010004,C0000469,H10,035,2024-05-19,500
S0010005,C0020100,H8,124,2024-05-19,500
S0010006,C0033214,H9,108,2024-05-19,500
S0010007,C0020164,H6,031,2024-05-19,500
S0010008,C0014517,H9,173,2024-05-19,300
S0010009,C0046027,H10,142,2024-05-19,200
S0010010,C0024339,H10,139,2024-05-19,200
S0010011,C0041120,H1,009,2024-05-19,500
S0010012,C0004822,H2,055,2024-05-19,300
S0010013,C0041486,H5,109,2024-05-19,500
S0010014,C0016890,H8,111,2024-05-19,300
S0010015,C0049519,H9,071,2024-05-19,200
S0010016,C0026509,H6,027,2024-05-19,300
S0010017,C0054018,H7,166,2024-05-19,300
S0010018,C0022804,H7,176,2024-05-19,100
S0010019,C0026526,H4,015,2024-05-19,100
S0010020,C0044378,H10,034,2024-05-19,100
S0010021,C0002947,H2,199,2024-05-19,500
S0010022,C0048446,H9,165,2024-05-19,200
S0010023,C0027278,H5,084,2024-05-19,100
S0010024,C0036448,H2,016,2024-05-19,500
S0010025,C0024035,H4,116,2024-05-19,500
S0010026,C0018882,H6,165,2024-05-19,100
S0010027,C0051088,H9,124,2024-05-19,100
S0010028,C0017991,H4,171,2024-05-19,200
S0010029,C0027391,H6,058,2024-05-19,200
S0010030,C0029277,H7,067,2024-05-19,200
S0010031,C0043821,H7,151,2024-05-19,200
S0010032,C0039831,H3,038,2024-05-19,500
S0010033,C0042864,H5,185,2024-05-19,500
S0010034,C0047887,H5,083,2024-05-19,200
S0010035,C0049858,H7,031,2024-05-19,300
S0010036,C0002716,H9,106,2024-05-19,200
S0010037,C0053329,H4,152,2024-05-19,500
S0010038,C0036217,H3,069,2024-05-19,100
S0010039,C0011429,H5,060,2024-05-19,500
S0010040,C0028161,H6,101,2024-05-19,300
S0010041,C0017517,H6,133,2024-05-19,200
S0010042,C0046011,H3,120,2024-05-19,100
S0010043,C0028865,H7,077,2024-05-19,100
S0010044,C0033903,H3,060,2024-05-19,100
S0010045,C0053902,H8,024,2024-05-19,100
S0010046,C0022179,H8,098,2024-05-19,100
S0010047,C0006477,H5,163,2024-05-19,300
S0010048,C0003647,H5,185,2024-05-19,300
S0010049,C0001260,H9,198,2024-05-19,500
S0010050,C0009957,H1,141,2024-05-19,300
S0010051,C0027031,H9,040,2024-05-19,500
S0010052,C0016774,H8,197,2024-05-19,500
S0010053,C0037431,H10,007,2024-05-19,200
S0010054,C0038411,H10,019,2024-05-19,300
S0010055,C0036088,H2,128,2024-05-19,500
S0010056,C0038701,H4,011,2024-05-19,500
S0010057,C0027751,H5,141,2024-05-19,200
S0010058,C0011986,H9,011,2024-05-19,500
S0010059,C0040546,H6,029,2024-05-19,500
S0010060,C0014628,H3,007,2024-05-19,500
S0010061,C0003064,H1,170,2024-05-19,500
S0010062,C0052603,H5,131,2024-05-19,100
S0010063,C0001266,H10,145,2024-05-19,300
S0010064,C0042138,H1,117,2024-05-19,100
S0010065,C0012576,H4,109,2024-05-19,500
S0010066,C0012390,H6,189,2024-05-19,200
S0010067,C0018177,H1,169,2024-05-19,200
S0010068,C0038953,H4,054,2024-05-19,300
S0010069,C0043105,H1,027,2024-05-19,100
S0010070,C0050637,H5,016,2024-05-19,200
S0010071,C0004361,H3,010,2024-05-19,200
S0010072,C0000912,H7,170,2024-05-19,100
S0010073,C0033369,H3,045,2024-05-19,200
S0010074,C0049681,H5,150,2024-05-19,100
S0010075,C0029665,H7,142,2024-05-19,500
S0010076,C0003458,H10,073,2024-05-19,100
S0010077,C0025167,H8,128,2024-05-19,100
S0010078,C0030671,H10,045,2024-05-19,500
S0010079,C0043870,H5,130,2024-05-19,100
S0010080,C0013840,H1,037,2024-05-19,200
S0010081,C0024551,H10,170,2024-05-19,200
S0010082,C0031254,H7,074,2024-05-19,300
S0010083,C0044678,H2,034,2024-05-19,100
S0010084,C0013393,H1,051,2024-05-19,100
S0010085,C0036906,H8,056,2024-05-19,300
S0010086,C0020842,H7,009,2024-05-19,200
S0010087,C0001562,H1,140,2024-05-19,300
S0010088,C0003895,H3,036,2024-05-19,200
S0010089,C0039269,H10,195,2024-05-19,100
S0010090,C0031167,H6,107,2024-05-19,500
S0010091,C0045575,H9,105,2024-05-19,500
S0010092,C0009942,H4,193,2024-05-19,200
S0010093,C0044089,H1,027,2024-05-19,100
S0010094,C0005109,H6,034,2024-05-19,300
S0010095,C0029666,H4,021,2024-05-19,500
S0010096,C0004478,H9,110,2024-05-19,500
S0010097,C0032646,H7,157,2024-05-19,200
S0010098,C0001565,H5,119,2024-05-19,500
S0010099,C0007486,H9,041,2024-05-19,200
S0010100,C0031769,H5,052,2024-05-19,200
S0010101,C0035736,H8,201,2024-05-19,500
S0010102,C0052945,H9,074,2024-05-19,100
S0010103,C0032495,H10,094,2024-05-19,500
S0010104,C0034124,H5,146,2024-05-19,100
S0010105,C0046508,H6,147,2024-05-19,500
S0010106,C0015852,H1,085,2024-05-19,500
S0010107,C0014092,H8,142,2024-05-19,200
S0010108,C0047378,H3,194,2024-05-19,300
S0010109,C0035348,H7,045,2024-05-19,100
S0010110,C0034974,H10,017,2024-05-19,300
S0010111,C0045528,H4,104,2024-05-19,100
S0010112,C0031335,H9,096,2024-05-19,100
S0010113,C0046584,H7,066,2024-05-19,200
S0010114,C0034933,H8,191,2024-05-19,200
S0010115,C0011262,H2,188,2024-05-19,200
S0010116,C0054314,H4,189,2024-05-19,200
S0010117,C0019901,H4,052,2024-05-19,300
S0010118,C0024116,H8,097,2024-05-19,300
S0010119,C0047240,H4,132,2024-05-19,100
S0010120,C0004454,H8,192,2024-05-19,300
S0010121,C0013727,H2,133,2024-05-19,300
S0010122,C0002843,H3,195,2024-05-19,300
S0010123,C0018039,H10,158,2024-05-19,500
S0010124,C0026728,H3,102,2024-05-19,100
S0010125,C0009394,H9,184,2024-05-19,300
S0010126,C0023556,H4,009,2024-05-19,300
S0010127,C0009498,H2,013,2024-05-19,300
S0010128,C0024373,H6,050,2024-05-19,300
S0010129,C0048812,H2,166,2024-05-19,300
S0010130,C0010390,H10,143,2024-05-19,100
S0010131,C0054607,H2,050,2024-05-19,500
S0010132,C0033013,H3,004,2024-05-19,500
S0010133,C0037185,H7,029,2024-05-19,100
S0010134,C0052348,H4,005,2024-05-19,100
S0010135,C0020656,H3,080,2024-05-19,500
S0010136,C0026488,H4,168,2024-05-19,200
S0010137,C0000160,H7,119,2024-05-19,100
S0010138,C0031699,H10,091,2024-05-19,500
S0010139,C0010371,H4,195,2024-05-19,100
S0010140,C0040428,H6,053,2024-05-19,200
S0010141,C0019355,H2,119,2024-05-19,300
S0010142,C0043857,H5,094,2024-05-19,300
S0010143,C0030902,H2,007,2024-05-19,500
S0010144,C0038522,H7,075,2024-05-19,200
S0010145,C0050906,H1,146,2024-05-19,300
S0010146,C0000823,H8,135,2024-05-19,500
S0010147,C0034352,H8,136,2024-05-19,100
S0010148,C0043244,H7,050,2024-05-19,300
S0010149,C0019134,H2,003,2024-05-19,500
S0010150,C0007473,H10,190,2024-05-19,300
S0010151,C0011505,H5,181,2024-05-19,100
S0010152,C0025487,H9,164,2024-05-19,200
S0010153,C0034680,H5,147,2024-05-19,200
S0010154,C0032779,H10,072,2024-05-19,300
S0010155,C0000451,H5,181,2024-05-19,300
S0010156,C0036179,H8,153,2024-05-19,500
S0010157,C0010536,H6,052,2024-05-19,100
S0010158,C0024556,H7,104,2024-05-19,500
S0010159,C0015222,H4,100,2024-05-19,200
S0010160,C0044786,H9,076,2024-05-19,100
S0010161,C0040901,H5,033,2024-05-19,100
S0010162,C0054435,H8,108,2024-05-19,500
S0010163,C0044204,H8,061,2024-05-19,500
S0010164,C0028173,H1,107,2024-05-19,300
S0010165,C0049052,H2,157,2024-05-19,100
S0010166,C0015236,H3,108,2024-05-19,300
S0010167,C0013256,H2,114,2024-05-19,500
S0010168,C0034082,H9,074,2024-05-19,300
S0010169,C0021334,H4,150,2024-05-19,100
S0010170,C0019340,H8,023,2024-05-19,300
S0010171,C0010894,H4,075,2024-05-19,100
S0010172,C0021095,H6,069,2024-05-19,500
S0010173,C0006601,H3,178,2024-05-19,300
S0010174,C0010935,H4,002,2024-05-19,200
S0010175,C0009750,H10,020,2024-05-19,300
S0010176,C0034192,H6,193,2024-05-19,500
S0010177,C0020073,H6,190,2024-05-19,300
S0010178,C0045333,H9,101,2024-05-19,300
S0010179,C0054389,H10,191,2024-05-19,300
S0010180,C0014839,H2,113,2024-05-19,100
S0010181,C0043061,H7,122,2024-05-19,100
S0010182,C0050568,H5,006,2024-05-19,100
S0010183,C0020110,H3,091,2024-05-19,500
S0010184,C0042207,H6,100,2024-05-19,100
S0010185,C0012419,H4,164,2024-05-19,300
S0010186,C0035165,H6,088,2024-05-19,100
S0010187,C0030781,H1,076,2024-05-19,300
S0010188,C0012934,H7,146,2024-05-19,100
S0010189,C0052004,H5,123,2024-05-19,200
S0010190,C0015043,H1,103,2024-05-19,500
S0010191,C0030472,H7,169,2024-05-19,100
S0010192,C0018336,H5,131,2024-05-19,100
S0010193,C0046565,H8,201,2024-05-19,100
S0010194,C0026885,H6,089,2024-05-19,100
S0010195,C0027840,H10,142,2024-05-19,100
S0010196,C0011563,H2,074,2024-05-19,300
S0010197,C0018744,H5,162,2024-05-19,300
S0010198,C0014597,H6,153,2024-05-19,300
S0010199,C0043546,H10,025,2024-05-19,100
S0010200,C0026879,H4,139,2024-05-19,300
